USE projet_salle;

INSERT INTO Salle_de_sport VALUES
('S1','FitnessPlus','12 Rue de Paris, Paris',800,120,'0145234567',200),
('S2','IronGym','5 Avenue Victor Hugo, Lyon',650,95,'0478561234',150),
('S3','PowerClub','22 Rue Nationale, Lille',700,110,'0320123456',180),
('S4','FormeLife','8 Rue Lafayette, Marseille',750,100,'0491123456',170),
('S5','GymPro','10 Rue Pasteur, Toulouse',620,90,'0561123456',140),
('S6','EnergyFit','3 Rue Gambetta, Nantes',680,105,'0240123456',160),
('S7','AthleticZone','17 Rue de la République, Bordeaux',710,115,'0556123456',175),
('S8','VitalGym','9 Rue Carnot, Nice',640,92,'0493123456',150),
('S9','StrongFit','6 Rue Voltaire, Strasbourg',720,108,'0388123456',165),
('S10','UrbanGym','15 Rue Saint Michel, Rennes',600,85,'0299123456',130),
('S11','FlexGym','4 Rue Colbert, Tours',630,88,'0247123456',140),
('S12','MegaFit','18 Rue Thiers, Dijon',660,96,'0380123456',150),
('S13','EliteGym','2 Rue Royale, Versailles',690,100,'0139123456',160),
('S14','MoveFitness','11 Rue Gambetta, Reims',640,94,'0326123456',145),
('S15','ProTraining','20 Rue Foch, Montpellier',750,120,'0467123456',180),
('S16','FitnessArena','7 Rue de Metz, Metz',610,82,'0387123456',130),
('S17','ActiveGym','13 Rue Nationale, Angers',670,104,'0241123456',155),
('S18','NextFit','21 Rue Victor Hugo, Caen',640,90,'0231123456',145),
('S19','BodyPower','14 Rue Pasteur, Rouen',660,97,'0235123456',150),
('S20','FitCenter','19 Rue Gambetta, Amiens',620,88,'0322123456',135);

INSERT INTO Entraineur VALUES
(1,'Martin','Lucas',612345678,'Musculation'),
(2,'Bernard','Emma',623456789,'Cardio'),
(3,'Dubois','Nathan',634567891,'Crossfit'),
(4,'Thomas','Chloé',645678912,'Yoga'),
(5,'Robert','Louis',656789123,'Pilates'),
(6,'Richard','Léa',667891234,'HIIT'),
(7,'Petit','Hugo',678912345,'Boxe'),
(8,'Durand','Camille',689123456,'Fitness'),
(9,'Leroy','Noah',690234567,'Stretching'),
(10,'Moreau','Manon',601345678,'Cardio'),
(11,'Simon','Adam',612456789,'Musculation'),
(12,'Laurent','Eva',623567891,'Yoga'),
(13,'Michel','Paul',634678912,'Crossfit'),
(14,'Garcia','Sarah',645789123,'Fitness'),
(15,'David','Leo',656891234,'Boxe'),
(16,'Bertrand','Jade',667912345,'Pilates'),
(17,'Roux','Ethan',678123456,'HIIT'),
(18,'Vincent','Ines',689234567,'Stretching'),
(19,'Fournier','Tom',690345678,'Cardio'),
(20,'Morel','Lina',601456789,'Fitness');

INSERT INTO Activité VALUES
('Musculation',50),
('Cardio',40),
('Crossfit',25),
('Yoga',30),
('Pilates',25),
('HIIT',20),
('Boxe',20),
('Zumba',35),
('Stretching',30),
('Fitness',40),
('Circuit training',25),
('BodyPump',30),
('Spinning',25),
('Step',30),
('Abdos',35),
('Renforcement',40),
('Gym douce',30),
('TRX',20),
('Bootcamp',25),
('Aquagym',30);

INSERT INTO Client VALUES
(1,'Durand','Paul','paul.durand@gmail.com','1995-04-12','0612345678','Paris','29.99','Standard',NULL),
(2,'Martin','Julie','julie.martin@gmail.com','1998-06-23','0623456789','Lyon','39.99','Premium',1),
(3,'Bernard','Lucas','lucas.bernard@gmail.com','1990-03-11','0634567891','Lille','29.99','Standard',1),
(4,'Petit','Emma','emma.petit@gmail.com','1997-09-08','0645678912','Marseille','49.99','Gold',2),
(5,'Robert','Nathan','nathan.robert@gmail.com','1992-11-15','0656789123','Toulouse','39.99','Premium',3),
(6,'Richard','Chloe','chloe.richard@gmail.com','1994-01-21','0667891234','Nantes','29.99','Standard',2),
(7,'Dubois','Hugo','hugo.dubois@gmail.com','1993-07-02','0678912345','Bordeaux','29.99','Standard',3),
(8,'Thomas','Léa','lea.thomas@gmail.com','1996-05-30','0689123456','Nice','39.99','Premium',4),
(9,'Moreau','Noah','noah.moreau@gmail.com','1991-10-12','0691234567','Strasbourg','49.99','Gold',5),
(10,'Leroy','Manon','manon.leroy@gmail.com','1999-02-17','0602345678','Rennes','29.99','Standard',6),
(11,'Roux','Adam','adam.roux@gmail.com','1995-08-20','0613456789','Tours','39.99','Premium',7),
(12,'Vincent','Eva','eva.vincent@gmail.com','1993-04-10','0624567891','Dijon','29.99','Standard',8),
(13,'Fournier','Leo','leo.fournier@gmail.com','1997-03-18','0635678912','Versailles','49.99','Gold',9),
(14,'Garcia','Sarah','sarah.garcia@gmail.com','1992-12-05','0646789123','Reims','39.99','Premium',10),
(15,'David','Tom','tom.david@gmail.com','1994-06-11','0657891234','Montpellier','29.99','Standard',11),
(16,'Bertrand','Ines','ines.bertrand@gmail.com','1996-01-19','0668912345','Metz','39.99','Premium',12),
(17,'Morel','Ethan','ethan.morel@gmail.com','1990-09-23','0679123456','Angers','29.99','Standard',13),
(18,'Simon','Jade','jade.simon@gmail.com','1998-05-14','0681234567','Caen','39.99','Premium',14),
(19,'Laurent','Lina','lina.laurent@gmail.com','1993-02-25','0692345678','Rouen','49.99','Gold',15),
(20,'Michel','Pauline','pauline.michel@gmail.com','1997-07-09','0603456789','Amiens','29.99','Standard',16);

INSERT INTO Casier VALUES
('S1',1,'Petit'),('S2',2,'Moyen'),('S3',3,'Grand'),('S4',4,'Petit'),('S5',5,'Moyen'),
('S6',6,'Grand'),('S7',7,'Petit'),('S8',8,'Moyen'),('S9',9,'Grand'),('S10',10,'Petit'),
('S11',11,'Moyen'),('S12',12,'Grand'),('S13',13,'Petit'),('S14',14,'Moyen'),('S15',15,'Grand'),
('S16',16,'Petit'),('S17',17,'Moyen'),('S18',18,'Grand'),('S19',19,'Petit'),('S20',20,'Moyen');

INSERT INTO Inscription VALUES
(1,'2025-01-10','2026-01-10',300,'S1'),
(2,'2025-02-12','2026-02-12',320,'S2'),
(3,'2025-03-05','2026-03-05',280,'S3'),
(4,'2025-04-01','2026-04-01',350,'S4'),
(5,'2025-01-20','2026-01-20',300,'S5'),
(6,'2025-02-22','2026-02-22',320,'S6'),
(7,'2025-03-14','2026-03-14',280,'S7'),
(8,'2025-04-18','2026-04-18',350,'S8'),
(9,'2025-05-02','2026-05-02',300,'S9'),
(10,'2025-05-15','2026-05-15',320,'S10'),
(11,'2025-06-01','2026-06-01',300,'S11'),
(12,'2025-06-20','2026-06-20',320,'S12'),
(13,'2025-07-10','2026-07-10',280,'S13'),
(14,'2025-07-25','2026-07-25',350,'S14'),
(15,'2025-08-02','2026-08-02',300,'S15'),
(16,'2025-08-18','2026-08-18',320,'S16'),
(17,'2025-09-01','2026-09-01',280,'S17'),
(18,'2025-09-20','2026-09-20',350,'S18'),
(19,'2025-10-05','2026-10-05',300,'S19'),
(20,'2025-10-22','2026-10-22',320,'S20');

INSERT INTO Faire VALUES
(1,1),(2,2),(3,3),(4,4),(5,5),
(6,6),(7,7),(8,8),(9,9),(10,10),
(11,11),(12,12),(13,13),(14,14),(15,15),
(16,16),(17,17),(18,18),(19,19),(20,20);

INSERT INTO Seance_Coaching VALUES
(1,1,'2025-06-10','10:00:00'),
(2,2,'2025-06-11','11:00:00'),
(3,3,'2025-06-12','12:00:00'),
(4,4,'2025-06-13','13:00:00'),
(5,5,'2025-06-14','14:00:00'),
(6,6,'2025-06-15','15:00:00'),
(7,7,'2025-06-16','16:00:00'),
(8,8,'2025-06-17','17:00:00'),
(9,9,'2025-06-18','18:00:00'),
(10,10,'2025-06-19','19:00:00'),
(11,11,'2025-06-20','10:30:00'),
(12,12,'2025-06-21','11:30:00'),
(13,13,'2025-06-22','12:30:00'),
(14,14,'2025-06-23','13:30:00'),
(15,15,'2025-06-24','14:30:00'),
(16,16,'2025-06-25','15:30:00'),
(17,17,'2025-06-26','16:30:00'),
(18,18,'2025-06-27','17:30:00'),
(19,19,'2025-06-28','18:30:00'),
(20,20,'2025-06-29','19:30:00');

INSERT INTO Planifier VALUES
(1,1,'S1','Musculation','2025-06-10','10:00:00',60),
(2,2,'S2','Cardio','2025-06-11','11:00:00',60),
(3,3,'S3','Crossfit','2025-06-12','12:00:00',60),
(4,4,'S4','Yoga','2025-06-13','13:00:00',60),
(5,5,'S5','Pilates','2025-06-14','14:00:00',60),
(6,6,'S6','HIIT','2025-06-15','15:00:00',45),
(7,7,'S7','Boxe','2025-06-16','16:00:00',45),
(8,8,'S8','Zumba','2025-06-17','17:00:00',60),
(9,9,'S9','Stretching','2025-06-18','18:00:00',30),
(10,10,'S10','Fitness','2025-06-19','19:00:00',60),
(11,11,'S11','Circuit training','2025-06-20','10:30:00',60),
(12,12,'S12','BodyPump','2025-06-21','11:30:00',60),
(13,13,'S13','Spinning','2025-06-22','12:30:00',45),
(14,14,'S14','Step','2025-06-23','13:30:00',45),
(15,15,'S15','Abdos','2025-06-24','14:30:00',30),
(16,16,'S16','Renforcement','2025-06-25','15:30:00',45),
(17,17,'S17','Gym douce','2025-06-26','16:30:00',40),
(18,18,'S18','TRX','2025-06-27','17:30:00',45),
(19,19,'S19','Bootcamp','2025-06-28','18:30:00',60),
(20,20,'S20','Aquagym','2025-06-29','19:30:00',50);